{"avg_train_loss": 0.06991810870552075, "avg_val_loss": 0.5036898612940081, "avg_val_f1": 0.816928971538047, "epoch": 4, "_timestamp": 1648679347, "_runtime": 45745, "_step": 4}