{"avg_train_loss": 0.21698679281182068, "avg_val_loss": 0.5256014117380468, "avg_val_f1": 0.7087773502002397, "epoch": 9, "_timestamp": 1650367424, "_runtime": 902, "_step": 9, "_wandb": {"runtime": 893}}