{"avg_train_loss": 0.16077679785363902, "avg_val_loss": 0.5107134533101234, "avg_val_f1": 0.7761220607657149, "epoch": 2, "_timestamp": 1648628227, "_runtime": 31326, "_step": 2}